{ 
  "nodeKeyProperty": "id",
  "nodeDataArray":
  [
  	{"id":"Action", "text":"Action" },
  	{"id":"Sample", "text":"Sample" },
  	{"id":"SelfTest", "text":"SelfTest" },
  	{"id":"Request", "text":"Request" },
  	{"id":"Workup", "text":"Workup" },
  	{"id":"InvItemBatch", "text":"InvItemBatch"}
 ],
  "linkDataArray": 
  [
    {"from":"Action", "to":"Action"},
    {"from":"Action", "to":"SelfTest"},
	{"from":"Action", "to":"Sample"},
	{"from":"Action", "to":"Workup"},
	{"from":"Action", "to":"InvItemBatch"},
	{"from":"Action", "to":"Request"}
	
	]
}