{ 
  "nodeKeyProperty": "id",
  "nodeDataArray":
  [
  	{"id":"ExperimentPrBt", "text":"ExperimentPrBt"},
  	{"id":"Sample", "text":"Sample" },
  	{"id":"Request", "text":"Request" },
  	{"id":"Template", "text":"Template"},
  	{"id":"InvItemBatch", "text":"InvItemBatch"}
 ],
  "linkDataArray": 
  [
	{"from":"ExperimentPrBt", "to":"Sample"},
	{"from":"ExperimentPrBt", "to":"Request"},
	{"from":"ExperimentPrBt", "to":"Template"},
	{"from":"ExperimentPrBt", "to":"InvItemBatch"}
	]
}