{ 
  "nodeKeyProperty": "id",
  "nodeDataArray":
  [
  	{"id":"ExperimentFor", "text":"ExperimentFor"},
  	{"id":"StepFr", "text":"StepFr" },
  	{"id":"Sample", "text":"Sample" },
  	{"id":"Request", "text":"Request" },
  	{"id":"Template", "text":"Template"},
  	{"id":"InvItemBatch", "text":"InvItemBatch"}
 ],
  "linkDataArray": 
  [
	{"from":"ExperimentFor", "to":"StepFr"},
	{"from":"ExperimentFor", "to":"Sample"},
	{"from":"ExperimentFor", "to":"Request"},
	{"from":"ExperimentFor", "to":"Template"},
	{"from":"ExperimentFor", "to":"InvItemBatch"}
	]
}