{ 
  "nodeKeyProperty": "id",
  "nodeDataArray":
  [
  	{"id":"ExperimentCP", "text":"ExperimentCP"},
  	{"id":"Step", "text":"Step" },
  	{"id":"Sample", "text":"Sample" },
  	{"id":"Request", "text":"Request" },
  	{"id":"Template", "text":"Template" },
  	{"id":"InvItemBatch", "text":"InvItemBatch"}
 ],
  "linkDataArray": 
  [
	{"from":"ExperimentCP", "to":"Step"},
	{"from":"ExperimentCP", "to":"Sample"},
	{"from":"ExperimentCP", "to":"Request"},
	{"from":"ExperimentCP", "to":"Template"},
	{"from":"ExperimentCP", "to":"InvItemBatch"}
	]
}