{ 
  "nodeKeyProperty": "id",
  "nodeDataArray":
  [
  	{"id":"InvItemMaintenance", "text":"InvItemMaintenance" },
  	{"id":"InvItemCalibration", "text":"InvItemCalibration" },
  	{"id":"InvItemMaterial", "text":"InvItemMaterial" },
  	{"id":"InvItemInstrument", "text":"InvItemInstrument" },
  	{"id":"InvItemMaintenancePreventive", "text":"InvItemMaintenancePreventive" },
  	{"id":"InvItemMaintenanceBreakdown", "text":"InvItemMaintenanceBreakdown" }
 ],
  "linkDataArray": 
  [
	{"from":"InvItemInstrument", "to":"InvItemMaintenancePreventive"},
	{"from":"InvItemInstrument", "to":"InvItemMaintenanceBreakdown"},
	{"from":"InvItemInstrument", "to":"InvItemCalibration"}
	]
}